,Origin_airport,Destination_airport,Origin_city,Destination_city,Distance,Org_airport_lat,Org_airport_long,Dest_airport_lat,Dest_airport_long
161746,MLU,TUL,"Monroe, LA","Tulsa, OK",336,32.5108985900879,-92.0376968383789,36.1983985900879,-95.8880996704102
698449,ORD,AGS,"Chicago, IL","Augusta, GA",677,41.97859955,-87.90480042,33.3698997497559,-81.9645004272461
1280218,KTN,OAK,"Ketchikan, AK","Oakland, CA",1297,55.35559845,-131.7140045,37.7212982177734,-122.221000671387
2733915,TPA,SHV,"Tampa, FL","Shreveport, LA",742,27.9755001068115,-82.533203125,32.4466018676758,-93.8255996704102
1040444,OKC,IAH,"Oklahoma City, OK","Houston, TX",395,35.3931007385254,-97.600700378418,29.9843997955322,-95.3414001464844
101212,YIP,OMA,"Detroit, MI","Omaha, NE",641,42.23789978,-83.53040314,41.3031997680664,-95.8940963745117
565985,MCN,ATL,"Macon, GA","Atlanta, GA",79,32.692798614502,-83.6492004394531,33.6366996765137,-84.4281005859375
2910918,ELP,MCI,"El Paso, TX","Kansas City, MO",834,31.80719948,-106.3779984,39.2976,-94.713898
2886757,TCM,BTR,"Tacoma, WA","Baton Rouge, LA",2020,47.1376991272,-122.475997925,30.53319931,-91.14959717
1575129,EVV,CSG,"Evansville, IN","Columbus, GA",408,38.0369987488,-87.5324020386,32.516300201416,-84.9389038085938
2187828,GRB,LAS,"Green Bay, WI","Las Vegas, NV",1533,44.4850997924805,-88.1296005249023,36.08010101,-115.1520004
1871845,CLE,SYR,"Cleveland, OH","Syracuse, NY",317,41.4117012024,-81.8498001099,43.111198425293,-76.1063003540039
1467286,OAK,SNS,"Oakland, CA","Salinas, CA",80,37.7212982177734,-122.221000671387,36.662799835205,-121.60600280762
440920,BNA,MWA,"Nashville, TN","Marion, IL",171,36.1245002746582,-86.6781997680664,37.75500107,-89.01110077
1910629,CHS,EDF,"Charleston, SC","Anchorage, AK",3598,32.89860153,-80.04049683,61.2509994506836,-149.807006835938
2138979,RNO,KTN,"Reno, NV","Ketchikan, AK",1227,39.4990997314453,-119.767997741699,55.35559845,-131.7140045
1613424,TUP,GPT,"Tupelo, MS","Gulfport, MS",266,34.2681007385254,-88.7698974609375,30.4073009490967,-89.0700988769531
2886308,LEX,BTR,"Lexington, KY","Baton Rouge, LA",645,38.0364990234375,-84.6059036254883,30.53319931,-91.14959717
1848056,DAY,SJC,"Dayton, OH","San Jose, CA",2032,39.902400970459,-84.2193984985352,37.3625984191895,-121.929000854492
1732748,NZY,JFK,"San Diego, CA","New York, NY",2448,32.69919968,-117.2149963,40.63980103,-73.77890015
562291,LRD,ABI,"Laredo, TX","Abilene, TX",335,27.5438003540039,-99.4616012573242,32.4113006592,-99.6819000244
2622019,ERI,MHT,"Erie, PA","Manchester, NH",450,42.0831270134,-80.1738667488,42.9325981140137,-71.4356994628906
3049974,CPR,MSP,"Casper, WY","Minneapolis, MN",674,42.90800095,-106.4639969,44.8819999695,-93.2218017578
2542094,PIT,DSM,"Pittsburgh, PA","Des Moines, IA",704,40.49150085,-80.23290253,41.5340003967285,-93.6631011962891
3406463,LIT,OKC,"Little Rock, AR","Oklahoma City, OK",308,34.7294006348,-92.2242965698,35.3931007385254,-97.600700378418
2300304,PUB,PIH,"Pueblo, CO","Pocatello, ID",532,38.2891006469727,-104.497001647949,42.9098014831543,-112.596000671387
435819,MBS,OKK,"Saginaw, MI","Kokomo, IN",231,43.532901763916,-84.0795974731445,40.528198242188,-86.05899810791
2258121,LGA,BNA,"New York, NY","Nashville, TN",764,40.77719879,-73.87259674,36.1245002746582,-86.6781997680664
2716705,ORD,SMF,"Chicago, IL","Sacramento, CA",1782,41.97859955,-87.90480042,38.6954002380371,-121.591003417969
15536,TUS,RNO,"Tucson, AZ","Reno, NV",709,32.1161003112793,-110.94100189209,39.4990997314453,-119.767997741699
3142964,SFO,MSY,"San Francisco, CA","New Orleans, LA",1911,37.6189994812012,-122.375,29.9934005737305,-90.2580032348633
3196915,MDW,BFF,"Chicago, IL","Scottsbluff, NE",817,41.7859992980957,-87.7524032592773,41.87400055,-103.5960007
192506,MDW,AUS,"Chicago, IL","Austin, TX",967,41.7859992980957,-87.7524032592773,30.1944999694824,-97.6698989868164
688,FLL,RDM,"Fort Lauderdale, FL","Bend, OR",2601,26.0725994110107,-80.152702331543,44.2541008,-121.1500015
1597073,YNG,LCK,"Youngstown, OH","Columbus, OH",155,41.26070023,-80.67910004,39.813801,-82.927803
1676015,OMA,JFK,"Omaha, NE","New York, NY",1155,41.3031997680664,-95.8940963745117,40.63980103,-73.77890015
2541611,BHM,CKB,"Birmingham, AL","Clarksburg, WV",537,33.56290054,-86.75350189,39.2966003418,-80.2281036377
2608872,ILN,HSV,"Wilmington, OH","Huntsville, AL",372,39.427898407,-83.792098999,34.637199401855,-86.775100708008
1871271,SMF,SCK,"Sacramento, CA","Stockton, CA",58,38.6954002380371,-121.591003417969,37.894199371338,-121.2379989624
1149252,TCL,JAN,"Tuscaloosa, AL","Jackson, MS",157,33.220600128174,-87.611396789551,32.3111991882,-90.0758972168
1776083,CVG,PWM,"Cincinnati, OH","Portland, ME",810,39.0488014221,-84.6678009033,43.64619827,-70.30930328
235617,YIP,BOS,"Detroit, MI","Boston, MA",641,42.23789978,-83.53040314,42.36429977,-71.00520325
1616849,MCI,BDL,"Kansas City, MO","Hartford, CT",1170,39.2976,-94.713898,41.9388999939,-72.6831970215
537185,MDW,UIN,"Chicago, IL","Quincy, IL",221,41.7859992980957,-87.7524032592773,39.94269943,-91.19460297
3159587,PUB,MSY,"Pueblo, CO","New Orleans, LA",995,38.2891006469727,-104.497001647949,29.9934005737305,-90.2580032348633
2859816,FNT,YNG,"Flint, MI","Youngstown, OH",197,42.9654006958008,-83.7435989379883,41.26070023,-80.67910004
547289,ATL,TUS,"Atlanta, GA","Tucson, AZ",1541,33.6366996765137,-84.4281005859375,32.1161003112793,-110.94100189209
2624421,PBI,MGM,"West Palm Beach, FL","Montgomery, AL",542,26.6832008361816,-80.0955963134766,32.30059814,-86.39399719
1064159,GTR,IAH,"Columbus, MS","Houston, TX",464,33.4502983093,-88.5914001465,29.9843997955322,-95.3414001464844
2897054,SGF,CHA,"Springfield, MO","Chattanooga, TN",482,37.24570084,-93.38860321,35.0353012084961,-85.2037963867188
1501831,HIF,SEA,"Ogden, UT","Seattle, WA",672,41.12403,-111.973086,47.4490013122559,-122.30899810791
1539748,DAY,ICT,"Dayton, OH","Wichita, KS",729,39.902400970459,-84.2193984985352,37.6498985290527,-97.4330978393555
441107,CLE,MWA,"Cleveland, OH","Marion, IL",458,41.4117012024,-81.8498001099,37.75500107,-89.01110077
2899832,ORD,GFK,"Chicago, IL","Grand Forks, ND",613,41.97859955,-87.90480042,47.949299,-97.176102
437834,LAF,LRD,"Lafayette, IN","Laredo, TX",1138,40.4123001098633,-86.936897277832,27.5438003540039,-99.4616012573242
2747697,ELP,SBN,"El Paso, TX","South Bend, IN",1301,31.80719948,-106.3779984,41.7086982727051,-86.3172988891602
46516,CRW,MCN,"Charleston, WV","Macon, GA",377,38.3731002807617,-81.5932006835938,32.692798614502,-83.6492004394531
1102659,GRK,IAH,"Killeen, TX","Houston, TX",166,31.067199707,-97.8289031982,29.9843997955322,-95.3414001464844
414750,ABQ,DLH,"Albuquerque, NM","Duluth, MN",1106,35.0401992797852,-106.609001159668,46.8420982361,-92.1936035156
3486846,DCA,SPS,"Washington, DC","Wichita Falls, TX",1238,38.8521,-77.037697,33.98880005,-98.49189758
1353402,ABQ,PHX,"Albuquerque, NM","Phoenix, AZ",328,35.0401992797852,-106.609001159668,33.4342994689941,-112.012001037598
1864357,MSY,SAV,"New Orleans, LA","Savannah, GA",556,29.9934005737305,-90.2580032348633,32.12760162,-81.20210266
1190261,PHX,MEM,"Phoenix, AZ","Memphis, TN",1264,33.4342994689941,-112.012001037598,35.0424003601074,-89.9766998291016
3554529,ILM,FLL,"Wilmington, NC","Fort Lauderdale, FL",580,34.2705993652344,-77.9026031494141,26.0725994110107,-80.152702331543
2712429,CKB,PVD,"Clarksburg, WV","Providence, RI",493,39.2966003418,-80.2281036377,41.7326011657715,-71.4204025268555
1867619,BTV,AVP,"Burlington, VT","Scranton, PA",253,44.4719009399,-73.1532974243,41.3385009766,-75.7233963013
537680,MIA,SSC,"Miami, FL","Sumter, SC",564,25.7931995391846,-80.2906036376953,33.97269821,-80.47059631
3604439,GRB,COS,"Green Bay, WI","Colorado Springs, CO",941,44.4850997924805,-88.1296005249023,38.805801391602,-104.70099639893
2861622,MCO,ABQ,"Orlando, FL","Albuquerque, NM",1552,28.4293994903564,-81.3089981079102,35.0401992797852,-106.609001159668
2442999,LBB,AEX,"Lubbock, TX","Alexandria, LA",565,33.6636009216309,-101.822998046875,31.3274002075195,-92.5497970581055
2277563,ILN,BNA,"Wilmington, OH","Nashville, TN",279,39.427898407,-83.792098999,36.1245002746582,-86.6781997680664
2220998,DFW,LEX,"Dallas, TX","Lexington, KY",793,32.896800994873,-97.0380020141602,38.0364990234375,-84.6059036254883
1570777,FYV,CAE,"Fayetteville, AR","Columbia, SC",754,36.0051002502441,-94.1700973510742,33.9388008117676,-81.119499206543
3592447,ROA,PBI,"Roanoke, VA","West Palm Beach, FL",733,37.3255004883,-79.975402832,26.6832008361816,-80.0955963134766
958509,EAU,YIP,"Eau Claire, WI","Detroit, MI",438,44.8657989501953,-91.4842987060547,42.23789978,-83.53040314
1963013,TUS,BWI,"Tucson, AZ","Baltimore, MD",1976,32.1161003112793,-110.94100189209,39.17539978,-76.66829681
10808,STL,ERI,"St. Louis, MO","Erie, PA",584,38.7486991882324,-90.370002746582,42.0831270134,-80.1738667488
1545469,FSD,ABR,"Sioux Falls, SD","Aberdeen, SD",154,43.5820007324,-96.741897583,45.4491004943848,-98.4217987060547
1598769,GPT,LCK,"Gulfport, MS","Columbus, OH",735,30.4073009490967,-89.0700988769531,39.813801,-82.927803
1577492,BNA,CMH,"Nashville, TN","Columbus, OH",338,36.1245002746582,-86.6781997680664,39.9980010986328,-82.8918991088867
1865518,BTR,SAV,"Baton Rouge, LA","Savannah, GA",598,30.53319931,-91.14959717,32.12760162,-81.20210266
3583718,TLH,PBI,"Tallahassee, FL","West Palm Beach, FL",364,30.3964996337891,-84.3503036499023,26.6832008361816,-80.0955963134766
334304,FWA,FTW,"Fort Wayne, IN","Dallas, TX",877,40.97850037,-85.19509888,32.8198013306,-97.3623962402
2597676,FLL,MDT,"Fort Lauderdale, FL","Harrisburg, PA",993,26.0725994110107,-80.152702331543,40.1935005188,-76.7633972168
1264810,SEA,OAK,"Seattle, WA","Oakland, CA",671,47.4490013122559,-122.30899810791,37.7212982177734,-122.221000671387
1379572,JAN,PHX,"Jackson, MS","Phoenix, AZ",1276,32.3111991882,-90.0758972168,33.4342994689941,-112.012001037598
40940,GLH,FAR,"Greenville, MS","Fargo, ND",976,33.4828987121582,-90.9856033325195,46.9207000732422,-96.815803527832
1881,BFL,EKO,"Bakersfield, CA","Elko, NV",412,35.43360138,-119.0569992,40.8249015808105,-115.791999816895
537697,BWI,SSC,"Baltimore, MD","Sumter, SC",416,39.17539978,-76.66829681,33.97269821,-80.47059631
2906960,MIA,IDA,"Miami, FL","Idaho Falls, ID",2163,25.7931995391846,-80.2906036376953,43.5145988464355,-112.070999145508
533584,MSO,PIA,"Missoula, MT","Peoria, IL",1288,46.91630173,-114.0910034,40.6641998291,-89.6932983398
2146822,SJC,TYS,"San Jose, CA","Knoxville, TN",2098,37.3625984191895,-121.929000854492,35.81100082,-83.9940033
3482801,BGM,SCE,"Binghamton, NY","State College, PA",135,42.20869827,-75.97979736,40.8493003845,-77.8487014771
3487305,RIC,SPS,"Richmond, VA","Wichita Falls, TX",1212,37.505199432373,-77.3197021484375,33.98880005,-98.49189758
1264448,SJC,OAK,"San Jose, CA","Oakland, CA",30,37.3625984191895,-121.929000854492,37.7212982177734,-122.221000671387
170595,DTW,ALB,"Detroit, MI","Albany, NY",488,42.2123985290527,-83.353401184082,42.7482986450195,-73.8016967773438
2555115,LRD,EVV,"Laredo, TX","Evansville, IN",1001,27.5438003540039,-99.4616012573242,38.0369987488,-87.5324020386
1563723,FMN,CYS,"Farmington, NM","Cheyenne, WY",356,36.7411994934,-108.230003357,41.15570068,-104.8119965
2751363,LGA,DCA,"New York, NY","Washington, DC",214,40.77719879,-73.87259674,38.8521,-77.037697
2848474,COU,ILN,"Columbia, MO","Wilmington, OH",451,38.8180999755859,-92.219596862793,39.427898407,-83.792098999
2934757,DSM,MKC,"Des Moines, IA","Kansas City, MO",174,41.5340003967285,-93.6631011962891,39.1231994628906,-94.5927963256836
1408322,YKM,PHX,"Yakima, WA","Phoenix, AZ",1011,46.56819916,-120.5439987,33.4342994689941,-112.012001037598
2154208,TPA,LFT,"Tampa, FL","Lafayette, LA",592,27.9755001068115,-82.533203125,30.20529938,-91.98760223
426452,PUW,FAT,"Pullman, WA","Fresno, CA",701,46.7439,-117.110001,36.7761993408203,-119.718002319336
1608909,DTW,ESC,"Detroit, MI","Escanaba, MI",305,42.2123985290527,-83.353401184082,45.7226982117,-87.0936965942
1338157,LAX,ISM,"Los Angeles, CA","Orlando, FL",2213,33.94250107,-118.4079971,28.2898006439,-81.4371032715
1780299,LAF,PWM,"Lafayette, IN","Portland, ME",883,40.4123001098633,-86.936897277832,43.64619827,-70.30930328
2413063,CLE,SUS,"Cleveland, OH","St. Louis, MO",503,41.4117012024,-81.8498001099,38.662101745605,-90.652000427246
97179,ICT,OMA,"Wichita, KS","Omaha, NE",265,37.6498985290527,-97.4330978393555,41.3031997680664,-95.8940963745117
688565,OPF,PDK,"Miami, FL","Atlanta, GA",599,25.90699959,-80.27839661,33.8755989075,-84.3020019531
407336,ROA,DAY,"Roanoke, VA","Dayton, OH",290,37.3255004883,-79.975402832,39.902400970459,-84.2193984985352
536374,MCO,PUB,"Orlando, FL","Pueblo, CO",1497,28.4293994903564,-81.3089981079102,38.2891006469727,-104.497001647949
3427779,AUS,SFO,"Austin, TX","San Francisco, CA",1499,30.1944999694824,-97.6698989868164,37.6189994812012,-122.375
1562365,AUS,BRD,"Austin, TX","Brainerd, MN",1127,30.1944999694824,-97.6698989868164,46.39830017,-94.13809967
2512398,SHV,LUK,"Shreveport, LA","Cincinnati, OH",699,32.4466018676758,-93.8255996704102,39.10329819,-84.41860199
3227017,DFW,POB,"Dallas, TX","Fayetteville, NC",1045,32.896800994873,-97.0380020141602,35.1708984375,-79.014503479004
2886767,OMA,BTR,"Omaha, NE","Baton Rouge, LA",788,41.3031997680664,-95.8940963745117,30.53319931,-91.14959717
798713,ALB,MDW,"Albany, NY","Chicago, IL",717,42.7482986450195,-73.8016967773438,41.7859992980957,-87.7524032592773
2512755,BTV,LUK,"Burlington, VT","Cincinnati, OH",689,44.4719009399,-73.1532974243,39.10329819,-84.41860199
2714927,MCI,RAP,"Kansas City, MO","Rapid City, SD",542,39.2976,-94.713898,44.0452995300293,-103.056999206543
97034,DAL,OGD,"Dallas, TX","Ogden, UT",1015,32.8470993041992,-96.8517990112305,41.195899963379,-112.0120010376
1660284,MSN,LWS,"Madison, WI","Lewiston, ID",1373,43.1399002075195,-89.3375015258789,46.3745002746582,-117.014999389648
1554486,PNS,BPT,"Pensacola, FL","Beaumont, TX",410,30.473400115967,-87.186599731445,29.9507999420166,-94.0206985473633
1733954,YUM,JFK,"Yuma, AZ","New York, NY",2313,32.65660095,-114.6060028,40.63980103,-73.77890015
1860167,FMN,SAF,"Farmington, NM","Santa Fe, NM",143,36.7411994934,-108.230003357,35.617099762,-106.088996887
3199244,MCO,FSD,"Orlando, FL","Sioux Falls, SD",1350,28.4293994903564,-81.3089981079102,43.5820007324,-96.741897583
2610665,CRW,HSV,"Charleston, WV","Huntsville, AL",386,38.3731002807617,-81.5932006835938,34.637199401855,-86.775100708008
2907287,COS,MCI,"Colorado Springs, CO","Kansas City, MO",538,38.805801391602,-104.70099639893,39.2976,-94.713898
2585600,GSP,PGV,"Greenville, SC","Greenville, NC",278,34.8956985474,-82.2189025879,35.6352005,-77.38529968
414503,CID,DLH,"Cedar Rapids, IA","Duluth, MN",343,41.8847007751465,-91.7108001708984,46.8420982361,-92.1936035156
3410816,BFL,OKC,"Bakersfield, CA","Oklahoma City, OK",1209,35.43360138,-119.0569992,35.3931007385254,-97.600700378418
1563742,IDA,CYS,"Idaho Falls, ID","Cheyenne, WY",405,43.5145988464355,-112.070999145508,41.15570068,-104.8119965
1841815,MSP,SJC,"Minneapolis, MN","San Jose, CA",1576,44.8819999695,-93.2218017578,37.3625984191895,-121.929000854492
1909649,OGG,ANC,"Kahului, HI","Anchorage, AK",2797,20.8985996246338,-156.429992675781,61.1744003295898,-149.996002197266
2899959,TUS,GFK,"Tucson, AZ","Grand Forks, ND",1309,32.1161003112793,-110.94100189209,47.949299,-97.176102
1880470,SGF,SYR,"Springfield, MO","Syracuse, NY",998,37.24570084,-93.38860321,43.111198425293,-76.1063003540039
3540340,LGA,CHO,"New York, NY","Charlottesville, VA",305,40.77719879,-73.87259674,38.138599395752,-78.4529037475586
1834078,PIA,RFD,"Peoria, IL","Rockford, IL",110,40.6641998291,-89.6932983398,42.1954002380371,-89.0971984863281
555528,SKF,TUS,"San Antonio, TX","Tucson, AZ",758,29.38419914,-98.58110046,32.1161003112793,-110.94100189209
3416452,LEX,OKC,"Lexington, KY","Oklahoma City, OK",743,38.0364990234375,-84.6059036254883,35.3931007385254,-97.600700378418
1671357,ATL,JFK,"Atlanta, GA","New York, NY",760,33.6366996765137,-84.4281005859375,40.63980103,-73.77890015
2570287,LCK,GSO,"Columbus, OH","Greensboro, NC",304,39.813801,-82.927803,36.0978012084961,-79.9373016357422
1144039,AUS,JAN,"Austin, TX","Jackson, MS",472,30.1944999694824,-97.6698989868164,32.3111991882,-90.0758972168
3284765,DFW,JAX,"Dallas, TX","Jacksonville, FL",918,32.896800994873,-97.0380020141602,30.4941005706787,-81.6878967285156
2890851,JXN,BMI,"Jackson, MI","Bloomington, IL",263,42.2597999573,-84.4593963623,40.47710037,-88.91590118
2224870,CID,MHK,"Cedar Rapids, IA","Manhattan, KS",323,41.8847007751465,-91.7108001708984,39.140998840332,-96.6707992553711
2024151,OAK,CLT,"Oakland, CA","Charlotte, NC",2287,37.7212982177734,-122.221000671387,35.2140007019043,-80.9430999755859
633370,AUS,ATL,"Austin, TX","Atlanta, GA",813,30.1944999694824,-97.6698989868164,33.6366996765137,-84.4281005859375
1867557,BUF,AVP,"Buffalo, NY","Scranton, PA",190,42.94049835,-78.73220062,41.3385009766,-75.7233963013
3181821,DRT,SAT,"Del Rio, TX","San Antonio, TX",152,29.3742008209,-100.927001953,29.5337009429932,-98.4698028564453
1780069,CAK,PWM,"Akron, OH","Portland, ME",601,40.9160995483398,-81.4421997070312,43.64619827,-70.30930328
1643532,LEX,HNL,"Lexington, KY","Honolulu, HI",4445,38.0364990234375,-84.6059036254883,21.3187007904053,-157.921997070312
3276497,PVU,IND,"Provo, UT","Indianapolis, IN",1346,40.219200134277,-111.72299957275,39.7173,-86.294403
1546209,ICT,AMA,"Wichita, KS","Amarillo, TX",292,37.6498985290527,-97.4330978393555,35.2193984985352,-101.706001281738
96582,ANC,MOT,"Anchorage, AK","Minot, ND",2083,61.1744003295898,-149.996002197266,48.2593994140625,-101.279998779297
1666220,CLT,EWN,"Charlotte, NC","New Bern, NC",221,35.2140007019043,-80.9430999755859,35.0730018616,-77.0429000854
1460725,FCA,ROA,"Kalispell, MT","Roanoke, VA",1880,48.3105010986328,-114.255996704102,37.3255004883,-79.975402832
3405955,HNL,MUO,"Honolulu, HI","Mountain Home, ID",2841,21.3187007904053,-157.921997070312,43.043598,-115.872002
3045056,DSM,MSP,"Des Moines, IA","Minneapolis, MN",232,41.5340003967285,-93.6631011962891,44.8819999695,-93.2218017578
1887147,GSO,VCT,"Greensboro, NC","Victoria, TX",1108,36.0978012084961,-79.9373016357422,28.8526000976562,-96.9185028076172
1559830,FSD,BIS,"Sioux Falls, SD","Bismarck, ND",295,43.5820007324,-96.741897583,46.7727012634277,-100.746002197266
2874490,LAR,ABQ,"Laramie, WY","Albuquerque, NM",436,41.3120994567871,-105.675003051758,35.0401992797852,-106.609001159668
333628,MHR,DFW,"Sacramento, CA","Dallas, TX",1414,38.55390167,-121.2979965,32.896800994873,-97.0380020141602
1515344,CMH,BFI,"Columbus, OH","Seattle, WA",2017,39.9980010986328,-82.8918991088867,47.5299987792969,-122.302001953125
1465859,OGD,MBS,"Ogden, UT","Saginaw, MI",1432,41.195899963379,-112.0120010376,43.532901763916,-84.0795974731445
2893065,RDU,CHA,"Raleigh, NC","Chattanooga, TN",367,35.8776016235352,-78.7874984741211,35.0353012084961,-85.2037963867188
2266978,PVD,BNA,"Providence, RI","Nashville, TN",907,41.7326011657715,-71.4204025268555,36.1245002746582,-86.6781997680664
2225234,SHV,MHK,"Shreveport, LA","Manhattan, KS",488,32.4466018676758,-93.8255996704102,39.140998840332,-96.6707992553711
648057,ALO,ATL,"Waterloo, IA","Atlanta, GA",752,42.5570983886719,-92.4002990722656,33.6366996765137,-84.4281005859375
2744634,LAS,SBN,"Las Vegas, NV","South Bend, IN",1594,36.08010101,-115.1520004,41.7086982727051,-86.3172988891602
1353306,SUX,PHX,"Sioux City, IA","Phoenix, AZ",1051,42.40259933,-96.38439941,33.4342994689941,-112.012001037598
1055629,GSP,IAH,"Greenville, SC","Houston, TX",838,34.8956985474,-82.2189025879,29.9843997955322,-95.3414001464844
3223401,AHN,XNA,"Athens, GA","Fayetteville, AR",642,33.948600769043,-83.326301574707,36.281898,-94.306801
2845301,LIT,ILG,"Little Rock, AR","Wilmington, DE",976,34.7294006348,-92.2242965698,39.67869949,-75.60649872
977370,STP,YIP,"Minneapolis, MN","Detroit, MI",513,44.9345016479492,-93.0599975585938,42.23789978,-83.53040314
2860556,IAH,ABQ,"Houston, TX","Albuquerque, NM",744,29.9843997955322,-95.3414001464844,35.0401992797852,-106.609001159668
2947000,PIT,LIT,"Pittsburgh, PA","Little Rock, AR",768,40.49150085,-80.23290253,34.7294006348,-92.2242965698
3495306,JAC,SLC,"Jackson, WY","Salt Lake City, UT",205,43.6072998046875,-110.737998962402,40.7883987426758,-111.977996826172
1264876,FAT,OAK,"Fresno, CA","Oakland, CA",152,36.7761993408203,-119.718002319336,37.7212982177734,-122.221000671387
2255837,BTM,MKE,"Butte, MT","Milwaukee, WI",1229,45.9547996520996,-112.497001647949,42.9472007751465,-87.896598815918
3223621,AUS,XNA,"Austin, TX","Fayetteville, AR",462,30.1944999694824,-97.6698989868164,36.281898,-94.306801
814236,BMG,ORD,"Bloomington, IN","Chicago, IL",207,39.1459999084473,-86.61669921875,41.97859955,-87.90480042
737843,BHM,MDW,"Birmingham, AL","Chicago, IL",570,33.56290054,-86.75350189,41.7859992980957,-87.7524032592773
3482413,LGA,SBA,"New York, NY","Santa Barbara, CA",2530,40.77719879,-73.87259674,34.42620087,-119.8399963
1666929,MSY,LGA,"New Orleans, LA","New York, NY",1183,29.9934005737305,-90.2580032348633,40.77719879,-73.87259674
2905468,ISO,PIB,"Kinston, NC","Hattiesburg, MS",727,35.331401825,-77.6088027954,31.4671001434326,-89.3370971679688
441236,MSO,MCE,"Missoula, MT","Merced, CA",742,46.91630173,-114.0910034,37.28469849,-120.5139999
2551802,GRB,DSM,"Green Bay, WI","Des Moines, IA",346,44.4850997924805,-88.1296005249023,41.5340003967285,-93.6631011962891
2214081,LGU,LAS,"Logan, UT","Las Vegas, NV",432,41.7911987305,-111.851997375,36.08010101,-115.1520004
3445221,CYS,SFO,"Cheyenne, WY","San Francisco, CA",969,41.15570068,-104.8119965,37.6189994812012,-122.375
3223279,LEX,XNA,"Lexington, KY","Fayetteville, AR",549,38.0364990234375,-84.6059036254883,36.281898,-94.306801
1882831,FNT,SYR,"Flint, MI","Syracuse, NY",387,42.9654006958008,-83.7435989379883,43.111198425293,-76.1063003540039
1514596,DAY,BFI,"Dayton, OH","Seattle, WA",1957,39.902400970459,-84.2193984985352,47.5299987792969,-122.302001953125
110352,ATW,OMA,"Appleton, WI","Omaha, NE",427,44.2580986023,-88.5190963745,41.3031997680664,-95.8940963745117
430681,CHO,ITH,"Charlottesville, VA","Ithaca, NY",318,38.138599395752,-78.4529037475586,42.4910011291504,-76.4583969116211
1523868,FCA,GEG,"Kalispell, MT","Spokane, WA",160,48.3105010986328,-114.255996704102,47.6198997497559,-117.533996582031
1041261,DTW,HOU,"Detroit, MI","Houston, TX",1093,42.2123985290527,-83.353401184082,29.64539909,-95.27890015
621731,SFB,ATL,"Orlando, FL","Atlanta, GA",385,28.7775993347168,-81.2375030517578,33.6366996765137,-84.4281005859375
2567895,BWI,GSO,"Baltimore, MD","Greensboro, NC",278,39.17539978,-76.66829681,36.0978012084961,-79.9373016357422
203258,MTJ,AUS,"Montrose, CO","Austin, TX",817,38.5097999573,-107.893997192,30.1944999694824,-97.6698989868164
3201099,ELP,FSD,"El Paso, TX","Sioux Falls, SD",967,31.80719948,-106.3779984,43.5820007324,-96.741897583
2412421,YNG,STL,"Youngstown, OH","St. Louis, MO",542,41.26070023,-80.67910004,38.7486991882324,-90.370002746582
3206579,TUS,SGF,"Tucson, AZ","Springfield, MO",1058,32.1161003112793,-110.94100189209,37.24570084,-93.38860321
2444797,MCO,BGM,"Orlando, FL","Binghamton, NY",996,28.4293994903564,-81.3089981079102,42.20869827,-75.97979736
112724,PHX,PVU,"Phoenix, AZ","Provo, UT",468,33.4342994689941,-112.012001037598,40.219200134277,-111.72299957275
96911,PDX,OGD,"Portland, OR","Ogden, UT",612,45.58869934,-122.5979996,41.195899963379,-112.0120010376
1563115,SFO,CYS,"San Francisco, CA","Cheyenne, WY",969,37.6189994812012,-122.375,41.15570068,-104.8119965
2081963,RNO,CLE,"Reno, NV","Cleveland, OH",1987,39.4990997314453,-119.767997741699,41.4117012024,-81.8498001099
562712,HOU,ABI,"Houston, TX","Abilene, TX",323,29.64539909,-95.27890015,32.4113006592,-99.6819000244
1169564,RNO,LBB,"Reno, NV","Lubbock, TX",1074,39.4990997314453,-119.767997741699,33.6636009216309,-101.822998046875
12637,MCI,HYS,"Kansas City, MO","Hays, KS",247,39.2976,-94.713898,38.84220123,-99.27320099
2440950,IAD,ORH,"Washington, DC","Worcester, MA",373,38.94449997,-77.45580292,42.2672996520996,-71.8757019042969
1637063,IPT,BDL,"Williamsport, PA","Hartford, CT",225,41.2417984008789,-76.9210968017578,41.9388999939,-72.6831970215
1496531,RFD,SEA,"Rockford, IL","Seattle, WA",1659,42.1954002380371,-89.0971984863281,47.4490013122559,-122.30899810791
268634,MEM,CPR,"Memphis, TN","Casper, WY",1037,35.0424003601074,-89.9766998291016,42.90800095,-106.4639969
2440036,GTF,ISN,"Great Falls, MT","Williston, ND",363,47.48199844,-111.3710022,48.177898407,-103.641998291
1977809,BOS,CLT,"Boston, MA","Charlotte, NC",727,42.36429977,-71.00520325,35.2140007019043,-80.9430999755859
447838,SHV,MLU,"Shreveport, LA","Monroe, LA",104,32.4466018676758,-93.8255996704102,32.5108985900879,-92.0376968383789
3240755,PBI,IND,"West Palm Beach, FL","Indianapolis, IN",967,26.6832008361816,-80.0955963134766,39.7173,-86.294403
3406532,RDU,OKC,"Raleigh, NC","Oklahoma City, OK",1058,35.8776016235352,-78.7874984741211,35.3931007385254,-97.600700378418
2923047,IAD,MCI,"Washington, DC","Kansas City, MO",926,38.94449997,-77.45580292,39.2976,-94.713898
3203463,FYV,SPI,"Fayetteville, AR","Springfield, IL",361,36.0051002502441,-94.1700973510742,39.84410095,-89.67790222
3493439,BTR,GJT,"Baton Rouge, LA","Grand Junction, CO",1148,30.53319931,-91.14959717,39.1223983765,-108.527000427
1166142,SAN,LAR,"San Diego, CA","Laramie, WY",868,32.7336006165,-117.190002441,41.3120994567871,-105.675003051758
556119,SAV,TUS,"Savannah, GA","Tucson, AZ",1738,32.12760162,-81.20210266,32.1161003112793,-110.94100189209
3396791,YKM,CLM,"Yakima, WA","Port Angeles, WA",175,46.56819916,-120.5439987,48.1202011108398,-123.5
1668292,MDT,LGA,"Harrisburg, PA","New York, NY",157,40.1935005188,-76.7633972168,40.77719879,-73.87259674
1020450,FLG,DRO,"Flagstaff, AZ","Durango, CO",259,35.13850021,-111.6709976,37.1515007019,-107.753997803
537366,ABE,SLN,"Allentown, PA","Salina, KS",1187,40.652099609375,-75.440803527832,38.7910003662109,-97.6521987915039
42897,BGM,FNT,"Binghamton, NY","Flint, MI",400,42.20869827,-75.97979736,42.9654006958008,-83.7435989379883
1523988,JFK,GEG,"New York, NY","Spokane, WA",2198,40.63980103,-73.77890015,47.6198997497559,-117.533996582031
1160191,JAX,GRK,"Jacksonville, FL","Killeen, TX",960,30.4941005706787,-81.6878967285156,31.067199707,-97.8289031982
2153828,OKC,LAF,"Oklahoma City, OK","Lafayette, IN",677,35.3931007385254,-97.600700378418,40.4123001098633,-86.936897277832
2744191,CMH,SBN,"Columbus, OH","South Bend, IN",215,39.9980010986328,-82.8918991088867,41.7086982727051,-86.3172988891602
1469037,PDT,SEA,"Pendleton, OR","Seattle, WA",205,45.695098877,-118.841003418,47.4490013122559,-122.30899810791
1211086,MGM,MEM,"Montgomery, AL","Memphis, TN",280,32.30059814,-86.39399719,35.0424003601074,-89.9766998291016
3215129,MCO,BTL,"Orlando, FL","Battle Creek, MI",982,28.4293994903564,-81.3089981079102,42.3073005676,-85.2515029907
3226237,OAJ,FAY,"Jacksonville, NC","Fayetteville, NC",73,34.8292007446,-77.6120986938,34.9911994934082,-78.8803024291992
1170417,DCA,LBB,"Washington, DC","Lubbock, TX",1425,38.8521,-77.037697,33.6636009216309,-101.822998046875
780600,DLH,ORD,"Duluth, MN","Chicago, IL",397,46.8420982361,-92.1936035156,41.97859955,-87.90480042
245135,FFO,BOS,"Dayton, OH","Boston, MA",702,39.8260993958,-84.0483016968,42.36429977,-71.00520325
196728,ATL,AUS,"Atlanta, GA","Austin, TX",813,33.6366996765137,-84.4281005859375,30.1944999694824,-97.6698989868164
12461,DRT,GYY,"Del Rio, TX","Gary, IN",1138,29.3742008209,-100.927001953,41.6162986755371,-87.4128036499023
41376,ALO,FAR,"Waterloo, IA","Fargo, ND",371,42.5570983886719,-92.4002990722656,46.9207000732422,-96.815803527832
3152633,CWA,MSY,"Wausau, WI","New Orleans, LA",1021,44.7775993347,-89.6668014526,29.9934005737305,-90.2580032348633
2118443,DFW,FAI,"Dallas, TX","Fairbanks, AK",3057,32.896800994873,-97.0380020141602,64.81510162,-147.8560028
2904958,BFI,GTF,"Seattle, WA","Great Falls, MT",511,47.5299987792969,-122.302001953125,47.48199844,-111.3710022
430239,JFK,ITH,"New York, NY","Ithaca, NY",189,40.63980103,-73.77890015,42.4910011291504,-76.4583969116211
209843,MSP,BGR,"Minneapolis, MN","Bangor, ME",1194,44.8819999695,-93.2218017578,44.8073997497559,-68.8281021118164
427405,GUP,GUP,"Gallup, NM","Gallup, NM",0,35.511100769,-108.789001465,35.511100769,-108.789001465
2899760,OAK,GFK,"Oakland, CA","Grand Forks, ND",1445,37.7212982177734,-122.221000671387,47.949299,-97.176102
2154138,MOB,LFT,"Mobile, AL","Lafayette, LA",226,30.691200256348,-88.242797851562,30.20529938,-91.98760223
3263306,CHO,IND,"Charlottesville, VA","Indianapolis, IN",436,38.138599395752,-78.4529037475586,39.7173,-86.294403
3261982,LSE,IND,"La Crosse, WI","Indianapolis, IN",385,43.879002,-91.256699,39.7173,-86.294403
1893816,MYR,ABE,"Myrtle Beach, SC","Allentown, PA",518,33.6796989441,-78.9282989502,40.652099609375,-75.440803527832
1161825,SYR,LAN,"Syracuse, NY","Lansing, MI",431,43.111198425293,-76.1063003540039,42.7787017822266,-84.58740234375
3203592,SJC,SPI,"San Jose, CA","Springfield, IL",1744,37.3625984191895,-121.929000854492,39.84410095,-89.67790222
2445627,BGM,BGM,"Binghamton, NY","Binghamton, NY",0,42.20869827,-75.97979736,42.20869827,-75.97979736
1039753,LIT,IAH,"Little Rock, AR","Houston, TX",374,34.7294006348,-92.2242965698,29.9843997955322,-95.3414001464844
2109029,BTR,BKL,"Baton Rouge, LA","Cleveland, OH",923,30.53319931,-91.14959717,41.5175018310547,-81.6832962036133
3209886,BDL,TLH,"Hartford, CT","Tallahassee, FL",1027,41.9388999939,-72.6831970215,30.3964996337891,-84.3503036499023
2338697,BNA,NZY,"Nashville, TN","San Diego, CA",1753,36.1245002746582,-86.6781997680664,32.69919968,-117.2149963
2321760,LAX,SAN,"Los Angeles, CA","San Diego, CA",109,33.94250107,-118.4079971,32.7336006165,-117.190002441
277869,DAL,DFW,"Dallas, TX","Dallas, TX",12,32.8470993041992,-96.8517990112305,32.896800994873,-97.0380020141602
1553253,ABQ,ATW,"Albuquerque, NM","Appleton, WI",1151,35.0401992797852,-106.609001159668,44.2580986023,-88.5190963745
1661084,SYR,GGG,"Syracuse, NY","Longview, TX",1255,43.111198425293,-76.1063003540039,32.3839988708496,-94.7115020751953
1477394,MWH,SEA,"Moses Lake, WA","Seattle, WA",141,47.20769882,-119.3199997,47.4490013122559,-122.30899810791
2480805,LGA,CVG,"New York, NY","Cincinnati, OH",585,40.77719879,-73.87259674,39.0488014221,-84.6678009033
166389,BQK,TUL,"Brunswick, GA","Tulsa, OK",896,31.2588005065918,-81.4664993286133,36.1983985900879,-95.8880996704102
1923193,EVV,AVL,"Evansville, IN","Asheville, NC",330,38.0369987488,-87.5324020386,35.4361991882324,-82.5418014526367
1886938,LSV,VAD,"Las Vegas, NV","Valdosta, GA",1863,36.2361984253,-115.033996582,30.9678001404,-83.1930007935
2300652,LAX,RIV,"Los Angeles, CA","Riverside, CA",66,33.94250107,-118.4079971,33.88069916,-117.2590027
2224849,AUS,MHK,"Austin, TX","Manhattan, KS",619,30.1944999694824,-97.6698989868164,39.140998840332,-96.6707992553711
2152519,MQT,LSE,"Marquette, MI","La Crosse, WI",255,46.3535995483,-87.395401001,43.879002,-91.256699
2110361,BFI,BKL,"Seattle, WA","Cleveland, OH",2025,47.5299987792969,-122.302001953125,41.5175018310547,-81.6832962036133
3494965,SMF,SLC,"Sacramento, CA","Salt Lake City, UT",533,38.6954002380371,-121.591003417969,40.7883987426758,-111.977996826172
1208840,CSG,MEM,"Columbus, GA","Memphis, TN",338,32.516300201416,-84.9389038085938,35.0424003601074,-89.9766998291016
2750962,LNK,IAD,"Lincoln, NE","Washington, DC",1032,40.851001739502,-96.7592010498047,38.94449997,-77.45580292
12128,BWG,GYY,"Bowling Green, KY","Gary, IN",326,36.9645004272,-86.4197006226,41.6162986755371,-87.4128036499023
1038012,JFK,IAH,"New York, NY","Houston, TX",1417,40.63980103,-73.77890015,29.9843997955322,-95.3414001464844
3193212,TUS,SKF,"Tucson, AZ","San Antonio, TX",758,32.1161003112793,-110.94100189209,29.38419914,-98.58110046
1456946,AVP,RDG,"Scranton, PA","Reading, PA",67,41.3385009766,-75.7233963013,40.3785018920898,-75.965202331543
1661574,SFB,MEI,"Orlando, FL","Meridian, MS",510,28.7775993347168,-81.2375030517578,32.3325996398926,-88.7518997192383
700571,MSN,BJI,"Madison, WI","Bemidji, MN",406,43.1399002075195,-89.3375015258789,47.50939941,-94.93370056
2737998,OMA,SHV,"Omaha, NE","Shreveport, LA",621,41.3031997680664,-95.8940963745117,32.4466018676758,-93.8255996704102
1869223,CRW,AVP,"Charleston, WV","Scranton, PA",373,38.3731002807617,-81.5932006835938,41.3385009766,-75.7233963013
3545347,DCA,FLL,"Washington, DC","Fort Lauderdale, FL",899,38.8521,-77.037697,26.0725994110107,-80.152702331543
1037656,HSV,HKY,"Huntsville, AL","Hickory, NC",314,34.637199401855,-86.775100708008,35.74110031,-81.38950348
2887853,PDX,BTR,"Portland, OR","Baton Rouge, LA",1985,45.58869934,-122.5979996,30.53319931,-91.14959717
3398068,GSO,ACY,"Greensboro, NC","Atlantic City, NJ",374,36.0978012084961,-79.9373016357422,39.4575996398926,-74.5772018432617
570138,MCI,ATL,"Kansas City, MO","Atlanta, GA",693,39.2976,-94.713898,33.6366996765137,-84.4281005859375
193245,LCK,AUS,"Columbus, OH","Austin, TX",1061,39.813801,-82.927803,30.1944999694824,-97.6698989868164
1034927,YNG,ELP,"Youngstown, OH","El Paso, TX",1564,41.26070023,-80.67910004,31.80719948,-106.3779984
2301373,EKO,RST,"Elko, NV","Rochester, MN",1207,40.8249015808105,-115.791999816895,43.9082984924316,-92.5
204140,DRT,AUS,"Del Rio, TX","Austin, TX",207,29.3742008209,-100.927001953,30.1944999694824,-97.6698989868164
2457581,ICT,BHM,"Wichita, KS","Birmingham, AL",663,37.6498985290527,-97.4330978393555,33.56290054,-86.75350189
2961690,SLC,LAX,"Salt Lake City, UT","Los Angeles, CA",590,40.7883987426758,-111.977996826172,33.94250107,-118.4079971
1149081,CPR,JAN,"Casper, WY","Jackson, MS",1155,42.90800095,-106.4639969,32.3111991882,-90.0758972168
3534809,RDD,SLC,"Redding, CA","Salt Lake City, UT",543,40.50899887,-122.2929993,40.7883987426758,-111.977996826172
2882077,RDD,BFL,"Redding, CA","Bakersfield, CA",392,40.50899887,-122.2929993,35.43360138,-119.0569992
376572,MSN,DAL,"Madison, WI","Dallas, TX",819,43.1399002075195,-89.3375015258789,32.8470993041992,-96.8517990112305
2301205,LSE,RST,"La Crosse, WI","Rochester, MN",62,43.879002,-91.256699,43.9082984924316,-92.5
2479137,ROC,CRW,"Rochester, NY","Charleston, WV",387,43.1189002990723,-77.6724014282227,38.3731002807617,-81.5932006835938
2680918,MCE,PIT,"Merced, CA","Pittsburgh, PA",2164,37.28469849,-120.5139999,40.49150085,-80.23290253
1563095,DTW,CYS,"Detroit, MI","Cheyenne, WY",1110,42.2123985290527,-83.353401184082,41.15570068,-104.8119965
2626332,LAW,MGM,"Lawton, OK","Montgomery, AL",712,34.5676994324,-98.4166030884,32.30059814,-86.39399719
3492929,MSY,GJT,"New Orleans, LA","Grand Junction, CO",1213,29.9934005737305,-90.2580032348633,39.1223983765,-108.527000427
344115,RFD,ADS,"Rockford, IL","Dallas, TX",765,42.1954002380371,-89.0971984863281,32.9686012268,-96.8364028931
2715888,ABI,RAP,"Abilene, TX","Rapid City, SD",823,32.4113006592,-99.6819000244,44.0452995300293,-103.056999206543
2220240,MIE,LEX,"Muncie, IN","Lexington, KY",158,40.2422981262207,-85.3958969116211,38.0364990234375,-84.6059036254883
1549769,MWH,AMA,"Moses Lake, WA","Amarillo, TX",1229,47.20769882,-119.3199997,35.2193984985352,-101.706001281738
2859023,FWA,YNG,"Fort Wayne, IN","Youngstown, OH",237,40.97850037,-85.19509888,41.26070023,-80.67910004
2989880,JAC,LAX,"Jackson, WY","Los Angeles, CA",784,43.6072998046875,-110.737998962402,33.94250107,-118.4079971
1594328,GEG,CMH,"Spokane, WA","Columbus, OH",1794,47.6198997497559,-117.533996582031,39.9980010986328,-82.8918991088867
1553626,SEA,ATW,"Seattle, WA","Appleton, WI",1632,47.4490013122559,-122.30899810791,44.2580986023,-88.5190963745
746557,MCW,ORD,"Mason City, IA","Chicago, IL",288,43.1577987671,-93.3312988281,41.97859955,-87.90480042
714619,MKE,BUF,"Milwaukee, WI","Buffalo, NY",464,42.9472007751465,-87.896598815918,42.94049835,-78.73220062
112035,HOT,OMA,"Hot Springs, AR","Omaha, NE",495,34.4780006408691,-93.0961990356445,41.3031997680664,-95.8940963745117
42286,PVD,FNT,"Providence, RI","Flint, MI",636,41.7326011657715,-71.4204025268555,42.9654006958008,-83.7435989379883
1010509,SDM,YIP,"San Diego, CA","Detroit, MI",1942,32.572299957275,-116.98000335693,42.23789978,-83.53040314
3201793,YNG,FSD,"Youngstown, OH","Sioux Falls, SD",836,41.26070023,-80.67910004,43.5820007324,-96.741897583
427302,DRO,GUP,"Durango, CO","Gallup, NM",127,37.1515007019,-107.753997803,35.511100769,-108.789001465
1418978,DSM,AZA,"Des Moines, IA","Phoenix, AZ",1138,41.5340003967285,-93.6631011962891,33.30780029,-111.6549988
2595850,RDG,HGR,"Reading, PA","Hagerstown, MD",104,40.3785018920898,-75.965202331543,39.707901,-77.72949982
341142,SAT,FTW,"San Antonio, TX","Dallas, TX",236,29.5337009429932,-98.4698028564453,32.8198013306,-97.3623962402
2154916,MAF,LFT,"Midland, TX","Lafayette, LA",617,31.9424991607666,-102.202003479004,30.20529938,-91.98760223
2363832,PIT,STL,"Pittsburgh, PA","St. Louis, MO",553,40.49150085,-80.23290253,38.7486991882324,-90.370002746582
1049667,ELP,EFD,"El Paso, TX","Houston, TX",684,31.80719948,-106.3779984,29.6072998047,-95.1587982178
1341820,MDW,ISM,"Chicago, IL","Orlando, FL",996,41.7859992980957,-87.7524032592773,28.2898006439,-81.4371032715
272557,COS,DFW,"Colorado Springs, CO","Dallas, TX",593,38.805801391602,-104.70099639893,32.896800994873,-97.0380020141602
2416692,SHV,SUS,"Shreveport, LA","St. Louis, MO",464,32.4466018676758,-93.8255996704102,38.662101745605,-90.652000427246
1667935,CMH,JFK,"Columbus, OH","New York, NY",483,39.9980010986328,-82.8918991088867,40.63980103,-73.77890015
1871436,ABQ,SCK,"Albuquerque, NM","Stockton, CA",837,35.0401992797852,-106.609001159668,37.894199371338,-121.2379989624
1166118,COS,LAR,"Colorado Springs, CO","Laramie, WY",180,38.805801391602,-104.70099639893,41.3120994567871,-105.675003051758
3172045,ATL,NEW,"Atlanta, GA","New Orleans, LA",412,33.6366996765137,-84.4281005859375,30.042400360107,-90.028297424316
3598975,SHV,COS,"Shreveport, LA","Colorado Springs, CO",752,32.4466018676758,-93.8255996704102,38.805801391602,-104.70099639893
186325,CLT,AUS,"Charlotte, NC","Austin, TX",1032,35.2140007019043,-80.9430999755859,30.1944999694824,-97.6698989868164
2220674,PVD,LEX,"Providence, RI","Lexington, KY",744,41.7326011657715,-71.4204025268555,38.0364990234375,-84.6059036254883
3241180,IAH,IND,"Houston, TX","Indianapolis, IN",845,29.9843997955322,-95.3414001464844,39.7173,-86.294403
3204341,ICT,SGF,"Wichita, KS","Springfield, MO",224,37.6498985290527,-97.4330978393555,37.24570084,-93.38860321
531047,CLT,PIA,"Charlotte, NC","Peoria, IL",607,35.2140007019043,-80.9430999755859,40.6641998291,-89.6932983398
717736,MKL,BUF,"Jackson, TN","Buffalo, NY",744,35.59989929,-88.91560364,42.94049835,-78.73220062
112706,LAR,PVU,"Laramie, WY","Provo, UT",326,41.3120994567871,-105.675003051758,40.219200134277,-111.72299957275
1977153,FLL,CLT,"Fort Lauderdale, FL","Charlotte, NC",632,26.0725994110107,-80.152702331543,35.2140007019043,-80.9430999755859
2752226,ATL,IAD,"Atlanta, GA","Washington, DC",533,33.6366996765137,-84.4281005859375,38.94449997,-77.45580292
3225165,DCA,XNA,"Washington, DC","Fayetteville, AR",963,38.8521,-77.037697,36.281898,-94.306801
725287,ABQ,ORD,"Albuquerque, NM","Chicago, IL",1117,35.0401992797852,-106.609001159668,41.97859955,-87.90480042
2304811,FLL,ROC,"Fort Lauderdale, FL","Rochester, NY",1183,26.0725994110107,-80.152702331543,43.1189002990723,-77.6724014282227
1851267,PHL,SJC,"Philadelphia, PA","San Jose, CA",2511,39.871898651123,-75.241096496582,37.3625984191895,-121.929000854492
530806,ORD,PIA,"Chicago, IL","Peoria, IL",130,41.97859955,-87.90480042,40.6641998291,-89.6932983398
273663,ICT,DFW,"Wichita, KS","Dallas, TX",329,37.6498985290527,-97.4330978393555,32.896800994873,-97.0380020141602
1098561,GSP,EFD,"Greenville, SC","Houston, TX",840,34.8956985474,-82.2189025879,29.6072998047,-95.1587982178
1189123,DFW,MEM,"Dallas, TX","Memphis, TN",432,32.896800994873,-97.0380020141602,35.0424003601074,-89.9766998291016
2136156,OLM,FCA,"Olympia, WA","Kalispell, MT",414,46.9693985,-122.9029999,48.3105010986328,-114.255996704102
2845386,GRK,ILG,"Killeen, TX","Wilmington, DE",1383,31.067199707,-97.8289031982,39.67869949,-75.60649872
42885,BOS,FNT,"Boston, MA","Flint, MI",649,42.36429977,-71.00520325,42.9654006958008,-83.7435989379883
2477625,OMA,CRW,"Omaha, NE","Charleston, WV",786,41.3031997680664,-95.8940963745117,38.3731002807617,-81.5932006835938
1975281,PVD,CMI,"Providence, RI","Champaign, IL",889,41.7326011657715,-71.4204025268555,40.03919983,-88.27809906
1575271,MEM,CSG,"Memphis, TN","Columbus, GA",338,35.0424003601074,-89.9766998291016,32.516300201416,-84.9389038085938
2275701,LAN,BNA,"Lansing, MI","Nashville, TN",472,42.7787017822266,-84.58740234375,36.1245002746582,-86.6781997680664
2399954,SYR,STL,"Syracuse, NY","St. Louis, MO",803,43.111198425293,-76.1063003540039,38.7486991882324,-90.370002746582
3198105,GRR,FSD,"Grand Rapids, MI","Sioux Falls, SD",568,42.88079834,-85.52279663,43.5820007324,-96.741897583
912470,PHX,DTW,"Phoenix, AZ","Detroit, MI",1671,33.4342994689941,-112.012001037598,42.2123985290527,-83.353401184082
1460619,ROA,ROA,"Roanoke, VA","Roanoke, VA",0,37.3255004883,-79.975402832,37.3255004883,-79.975402832
2714015,ORD,RAP,"Chicago, IL","Rapid City, SD",779,41.97859955,-87.90480042,44.0452995300293,-103.056999206543
3412374,STJ,OKC,"St. Joseph, MO","Oklahoma City, OK",336,39.771900177002,-94.909698486328,35.3931007385254,-97.600700378418
3202887,EKO,SPI,"Elko, NV","Springfield, IL",1375,40.8249015808105,-115.791999816895,39.84410095,-89.67790222
211202,BTR,BGR,"Baton Rouge, LA","Bangor, ME",1561,30.53319931,-91.14959717,44.8073997497559,-68.8281021118164
1562497,FAR,BRD,"Fargo, ND","Brainerd, MN",132,46.9207000732422,-96.815803527832,46.39830017,-94.13809967
1144528,GTR,JAN,"Columbus, MS","Jackson, MS",117,33.4502983093,-88.5914001465,32.3111991882,-90.0758972168
1661777,GEG,MSO,"Spokane, WA","Missoula, MT",169,47.6198997497559,-117.533996582031,46.91630173,-114.0910034
42185,MKE,FNT,"Milwaukee, WI","Flint, MI",211,42.9472007751465,-87.896598815918,42.9654006958008,-83.7435989379883
1022278,MIA,ELP,"Miami, FL","El Paso, TX",1632,25.7931995391846,-80.2906036376953,31.80719948,-106.3779984
1863276,SAV,SAV,"Savannah, GA","Savannah, GA",0,32.12760162,-81.20210266,32.12760162,-81.20210266
2233660,COS,MKE,"Colorado Springs, CO","Milwaukee, WI",924,38.805801391602,-104.70099639893,42.9472007751465,-87.896598815918
2425831,AGS,STL,"Augusta, GA","St. Louis, MO",598,33.3698997497559,-81.9645004272461,38.7486991882324,-90.370002746582
3307284,RIC,MYR,"Richmond, VA","Myrtle Beach, SC",279,37.505199432373,-77.3197021484375,33.6796989441,-78.9282989502
2933539,FAT,MCI,"Fresno, CA","Kansas City, MO",1371,36.7761993408203,-119.718002319336,39.2976,-94.713898
2321138,SLC,SAN,"Salt Lake City, UT","San Diego, CA",626,40.7883987426758,-111.977996826172,32.7336006165,-117.190002441
1659172,EKO,LWS,"Elko, NV","Lewiston, ID",388,40.8249015808105,-115.791999816895,46.3745002746582,-117.014999389648
10287,MCO,ERI,"Orlando, FL","Erie, PA",943,28.4293994903564,-81.3089981079102,42.0831270134,-80.1738667488
2623719,SLC,MCW,"Salt Lake City, UT","Mason City, IA",972,40.7883987426758,-111.977996826172,43.1577987671,-93.3312988281
3172882,PFN,PFN,"Panama City, FL","Panama City, FL",0,30.212099,-85.6828,30.212099,-85.6828
2585602,IND,PGV,"Indianapolis, IN","Greenville, NC",563,39.7173,-86.294403,35.6352005,-77.38529968
3414826,LAF,OKC,"Lafayette, IN","Oklahoma City, OK",677,40.4123001098633,-86.936897277832,35.3931007385254,-97.600700378418
1490122,TWF,BFI,"Twin Falls, ID","Seattle, WA",517,42.48180008,-114.487999,47.5299987792969,-122.302001953125
438256,ADM,LRD,"Ardmore, OK","Laredo, TX",486,34.30301,-97.0196342,27.5438003540039,-99.4616012573242
2294211,ABQ,PDT,"Albuquerque, NM","Pendleton, OR",976,35.0401992797852,-106.609001159668,45.695098877,-118.841003418
48611,MDT,MIA,"Harrisburg, PA","Miami, FL",1013,40.1935005188,-76.7633972168,25.7931995391846,-80.2906036376953
2191112,TUS,VGT,"Tucson, AZ","Las Vegas, NV",373,32.1161003112793,-110.94100189209,36.21070098877,-115.19400024414
1593081,IAH,LCK,"Houston, TX","Columbus, OH",976,29.9843997955322,-95.3414001464844,39.813801,-82.927803
98490,PIA,OMA,"Peoria, IL","Omaha, NE",327,40.6641998291,-89.6932983398,41.3031997680664,-95.8940963745117
38942,AZO,FAR,"Kalamazoo, MI","Fargo, ND",642,42.2349014282227,-85.5521011352539,46.9207000732422,-96.815803527832
559130,MEM,CWA,"Memphis, TN","Wausau, WI",672,35.0424003601074,-89.9766998291016,44.7775993347,-89.6668014526
1892330,ABE,ABE,"Allentown, PA","Allentown, PA",0,40.652099609375,-75.440803527832,40.652099609375,-75.440803527832
3227420,SLN,FAY,"Salina, KS","Fayetteville, NC",1070,38.7910003662109,-97.6521987915039,34.9911994934082,-78.8803024291992
2593140,TUL,GSP,"Tulsa, OK","Greenville, SC",775,36.1983985900879,-95.8880996704102,34.8956985474,-82.2189025879
2845358,MGM,ILG,"Montgomery, AL","Wilmington, DE",789,32.30059814,-86.39399719,39.67869949,-75.60649872
392805,LAR,FTW,"Laramie, WY","Dallas, TX",744,41.3120994567871,-105.675003051758,32.8198013306,-97.3623962402
1166605,MHK,LBL,"Manhattan, KS","Liberal, KS",275,39.140998840332,-96.6707992553711,37.0442009,-100.9599991
1161075,HOU,ISO,"Houston, TX","Kinston, NC",1101,29.64539909,-95.27890015,35.331401825,-77.6088027954
1344067,PBG,SFB,"Plattsburgh, NY","Orlando, FL",1175,44.6509017944336,-73.4681015014648,28.7775993347168,-81.2375030517578
2923639,CHS,MCI,"Charleston, SC","Kansas City, MO",930,32.89860153,-80.04049683,39.2976,-94.713898
3215069,OKC,BTL,"Oklahoma City, OK","Battle Creek, MI",818,35.3931007385254,-97.600700378418,42.3073005676,-85.2515029907
2936025,SFB,MCI,"Orlando, FL","Kansas City, MO",1058,28.7775993347168,-81.2375030517578,39.2976,-94.713898
2217855,TYS,LEX,"Knoxville, TN","Lexington, KY",157,35.81100082,-83.9940033,38.0364990234375,-84.6059036254883
1574976,JAN,CSG,"Jackson, MS","Columbus, GA",301,32.3111991882,-90.0758972168,32.516300201416,-84.9389038085938
2848521,OAK,ILN,"Oakland, CA","Wilmington, OH",2064,37.7212982177734,-122.221000671387,39.427898407,-83.792098999
3398476,YNG,ACY,"Youngstown, OH","Atlantic City, NJ",345,41.26070023,-80.67910004,39.4575996398926,-74.5772018432617
1171455,SLC,LBB,"Salt Lake City, UT","Lubbock, TX",744,40.7883987426758,-111.977996826172,33.6636009216309,-101.822998046875
3493375,GFK,GJT,"Grand Forks, ND","Grand Junction, CO",833,47.949299,-97.176102,39.1223983765,-108.527000427
3219329,GRK,CID,"Killeen, TX","Cedar Rapids, IA",820,31.067199707,-97.8289031982,41.8847007751465,-91.7108001708984
2602075,OAK,MDT,"Oakland, CA","Harrisburg, PA",2427,37.7212982177734,-122.221000671387,40.1935005188,-76.7633972168
1563190,MDW,CYS,"Chicago, IL","Cheyenne, WY",885,41.7859992980957,-87.7524032592773,41.15570068,-104.8119965
1576517,ICT,GTR,"Wichita, KS","Columbus, MS",576,37.6498985290527,-97.4330978393555,33.4502983093,-88.5914001465
428997,STL,HLN,"St. Louis, MO","Helena, MT",1222,38.7486991882324,-90.370002746582,46.6068000793457,-111.983001708984
2553638,STL,EAU,"St. Louis, MO","Eau Claire, WI",426,38.7486991882324,-90.370002746582,44.8657989501953,-91.4842987060547
182209,HGR,ALB,"Hagerstown, MD","Albany, NY",293,39.707901,-77.72949982,42.7482986450195,-73.8016967773438
3314008,HON,LBF,"Huron, SD","North Platte, NE",257,44.3852005004883,-98.2285003662109,41.12620163,-100.6839981
682122,NQA,ATL,"Memphis, TN","Atlanta, GA",332,35.356700897217,-89.870300292969,33.6366996765137,-84.4281005859375
973164,ANB,YIP,"Anniston, AL","Detroit, MI",610,33.58819962,-85.85810089,42.23789978,-83.53040314
2117905,SHV,IPL,"Shreveport, LA","El Centro, CA",1266,32.4466018676758,-93.8255996704102,32.8342018127,-115.57900238
3530986,YKM,SLC,"Yakima, WA","Salt Lake City, UT",586,46.56819916,-120.5439987,40.7883987426758,-111.977996826172
2024205,NQA,CLT,"Memphis, TN","Charlotte, NC",505,35.356700897217,-89.870300292969,35.2140007019043,-80.9430999755859
2905626,SHV,HOT,"Shreveport, LA","Hot Springs, AR",146,32.4466018676758,-93.8255996704102,34.4780006408691,-93.0961990356445
2946717,DAL,LIT,"Dallas, TX","Little Rock, AR",296,32.8470993041992,-96.8517990112305,34.7294006348,-92.2242965698
708201,CHS,BUF,"Charleston, SC","Buffalo, NY",696,32.89860153,-80.04049683,42.94049835,-78.73220062
2578550,FWA,GSO,"Fort Wayne, IN","Greensboro, NC",441,40.97850037,-85.19509888,36.0978012084961,-79.9373016357422
2282182,MYR,BNA,"Myrtle Beach, SC","Nashville, TN",471,33.6796989441,-78.9282989502,36.1245002746582,-86.6781997680664
2123379,PIH,FLG,"Pocatello, ID","Flagstaff, AZ",539,42.9098014831543,-112.596000671387,35.13850021,-111.6709976
2095356,SHV,CLE,"Shreveport, LA","Cleveland, OH",905,32.4466018676758,-93.8255996704102,41.4117012024,-81.8498001099
1569016,ILN,CAE,"Wilmington, OH","Columbia, SC",413,39.427898407,-83.792098999,33.9388008117676,-81.119499206543
1352519,PUB,PHX,"Pueblo, CO","Phoenix, AZ",538,38.2891006469727,-104.497001647949,33.4342994689941,-112.012001037598
154709,SAN,TUL,"San Diego, CA","Tulsa, OK",1236,32.7336006165,-117.190002441,36.1983985900879,-95.8880996704102
1598623,CSG,CMH,"Columbus, GA","Columbus, OH",528,32.516300201416,-84.9389038085938,39.9980010986328,-82.8918991088867
915901,STL,DET,"St. Louis, MO","Detroit, MI",462,38.7486991882324,-90.370002746582,42.40919876,-83.00990295
114206,CLE,TPA,"Cleveland, OH","Tampa, FL",927,41.4117012024,-81.8498001099,27.9755001068115,-82.533203125
1463561,EWR,ROW,"Newark, NJ","Roswell, NM",1745,40.6925010681152,-74.168701171875,33.3016014099121,-104.53099822998
2612903,ANB,LRU,"Anniston, AL","Las Cruces, NM",1225,33.58819962,-85.85810089,32.2893981933594,-106.921997070312
1657772,OPF,EYW,"Miami, FL","Key West, FL",131,25.90699959,-80.27839661,24.5561008453369,-81.7595977783203
537774,MFR,TCM,"Medford, OR","Tacoma, WA",330,42.3741989135742,-122.873001098633,47.1376991272,-122.475997925
1851328,COS,SJC,"Colorado Springs, CO","San Jose, CA",953,38.805801391602,-104.70099639893,37.3625984191895,-121.929000854492
3213911,SJC,TLH,"San Jose, CA","Tallahassee, FL",2197,37.3625984191895,-121.929000854492,30.3964996337891,-84.3503036499023
185563,MOB,AUS,"Mobile, AL","Austin, TX",565,30.691200256348,-88.242797851562,30.1944999694824,-97.6698989868164
2321115,OMA,SAN,"Omaha, NE","San Diego, CA",1313,41.3031997680664,-95.8940963745117,32.7336006165,-117.190002441
1660037,ELP,LWS,"El Paso, TX","Lewiston, ID",1154,31.80719948,-106.3779984,46.3745002746582,-117.014999389648
3399339,ROA,ACY,"Roanoke, VA","Atlantic City, NJ",328,37.3255004883,-79.975402832,39.4575996398926,-74.5772018432617
1834332,CLT,RFD,"Charlotte, NC","Rockford, IL",652,35.2140007019043,-80.9430999755859,42.1954002380371,-89.0971984863281
915976,MKE,YIP,"Milwaukee, WI","Detroit, MI",228,42.9472007751465,-87.896598815918,42.23789978,-83.53040314
3211848,MOB,TLH,"Mobile, AL","Tallahassee, FL",233,30.691200256348,-88.242797851562,30.3964996337891,-84.3503036499023
1827507,TLH,RIC,"Tallahassee, FL","Richmond, VA",634,30.3964996337891,-84.3503036499023,37.505199432373,-77.3197021484375
1826975,HKY,RIC,"Hickory, NC","Richmond, VA",257,35.74110031,-81.38950348,37.505199432373,-77.3197021484375
269713,TVC,CPR,"Traverse City, MI","Casper, WY",1048,44.7414016723633,-85.5821990966797,42.90800095,-106.4639969
3228195,EWR,POB,"Newark, NJ","Fayetteville, NC",464,40.6925010681152,-74.168701171875,35.1708984375,-79.014503479004
2079693,RAP,CLE,"Rapid City, SD","Cleveland, OH",1091,44.0452995300293,-103.056999206543,41.4117012024,-81.8498001099
1612815,TOL,GPT,"Toledo, OH","Gulfport, MS",825,41.58679962,-83.80780029,30.4073009490967,-89.0700988769531
419942,PHX,EUG,"Phoenix, AZ","Eugene, OR",952,33.4342994689941,-112.012001037598,44.1245994567871,-123.21199798584
184736,HSV,AUS,"Huntsville, AL","Austin, TX",704,34.637199401855,-86.775100708008,30.1944999694824,-97.6698989868164
1351453,MKE,OSH,"Milwaukee, WI","Oshkosh, WI",79,42.9472007751465,-87.896598815918,43.9844017028809,-88.556999206543
187374,BWI,AUS,"Baltimore, MD","Austin, TX",1340,39.17539978,-76.66829681,30.1944999694824,-97.6698989868164
431091,MCI,JLN,"Kansas City, MO","Joplin, MO",149,39.2976,-94.713898,37.151798248291,-94.4982986450195
3222330,STL,XNA,"St. Louis, MO","Fayetteville, AR",276,38.7486991882324,-90.370002746582,36.281898,-94.306801
725288,LAX,ORD,"Los Angeles, CA","Chicago, IL",1744,33.94250107,-118.4079971,41.97859955,-87.90480042
1834840,ELP,RFD,"El Paso, TX","Rockford, IL",1191,31.80719948,-106.3779984,42.1954002380371,-89.0971984863281
1020454,LAX,DRO,"Los Angeles, CA","Durango, CO",639,33.94250107,-118.4079971,37.1515007019,-107.753997803
2898180,YIP,GNV,"Detroit, MI","Gainesville, FL",868,42.23789978,-83.53040314,29.6900997162,-82.2717971802
1035577,CLT,BIF,"Charlotte, NC","El Paso, TX",1482,35.2140007019043,-80.9430999755859,31.84950066,-106.3799973
2743435,MSN,SBN,"Madison, WI","South Bend, IN",184,43.1399002075195,-89.3375015258789,41.7086982727051,-86.3172988891602
1660044,LEX,LWS,"Lexington, KY","Lewiston, ID",1751,38.0364990234375,-84.6059036254883,46.3745002746582,-117.014999389648
451436,SEA,EWR,"Seattle, WA","Newark, NJ",2401,47.4490013122559,-122.30899810791,40.6925010681152,-74.168701171875
2298806,SAV,PNS,"Savannah, GA","Pensacola, FL",372,32.12760162,-81.20210266,30.473400115967,-87.186599731445
1152639,SFO,OGG,"San Francisco, CA","Kahului, HI",2338,37.6189994812012,-122.375,20.8985996246338,-156.429992675781
97270,DSM,OMA,"Des Moines, IA","Omaha, NE",117,41.5340003967285,-93.6631011962891,41.3031997680664,-95.8940963745117
2218069,DCA,LEX,"Washington, DC","Lexington, KY",414,38.8521,-77.037697,38.0364990234375,-84.6059036254883
1671356,ORD,LGA,"Chicago, IL","New York, NY",733,41.97859955,-87.90480042,40.77719879,-73.87259674
2154036,BDL,LFT,"Hartford, CT","Lafayette, LA",1344,41.9388999939,-72.6831970215,30.20529938,-91.98760223
706085,BTV,BUF,"Burlington, VT","Buffalo, NY",299,44.4719009399,-73.1532974243,42.94049835,-78.73220062
1902121,FAR,ANC,"Fargo, ND","Anchorage, AK",2297,46.9207000732422,-96.815803527832,61.1744003295898,-149.996002197266
1607929,AFW,CMH,"Dallas, TX","Columbus, OH",936,32.9875984192,-97.3188018799,39.9980010986328,-82.8918991088867
1457970,MWH,RDD,"Moses Lake, WA","Redding, CA",486,47.20769882,-119.3199997,40.50899887,-122.2929993
2519237,TPA,LUK,"Tampa, FL","Cincinnati, OH",775,27.9755001068115,-82.533203125,39.10329819,-84.41860199
3193394,AGS,SAT,"Augusta, GA","San Antonio, TX",1009,33.3698997497559,-81.9645004272461,29.5337009429932,-98.4698028564453
184290,MCN,AHN,"Macon, GA","Athens, GA",88,32.692798614502,-83.6492004394531,33.948600769043,-83.326301574707
3173800,CLT,PKB,"Charlotte, NC","Parkersburg, WV",286,35.2140007019043,-80.9430999755859,39.345100402832,-81.4392013549805
2768379,BHM,DCA,"Birmingham, AL","Washington, DC",654,33.56290054,-86.75350189,38.8521,-77.037697
2441108,PAM,HMN,"Panama City, FL","Alamogordo, NM",1225,30.0695991516,-85.5754013062,32.8525009155,-106.107002258
2863355,MDW,ABQ,"Chicago, IL","Albuquerque, NM",1121,41.7859992980957,-87.7524032592773,35.0401992797852,-106.609001159668
1208864,IPT,MEM,"Williamsport, PA","Memphis, TN",828,41.2417984008789,-76.9210968017578,35.0424003601074,-89.9766998291016
2868179,FAT,ABQ,"Fresno, CA","Albuquerque, NM",744,36.7761993408203,-119.718002319336,35.0401992797852,-106.609001159668
1546983,OMA,AMA,"Omaha, NE","Amarillo, TX",525,41.3031997680664,-95.8940963745117,35.2193984985352,-101.706001281738
914625,IND,DTW,"Indianapolis, IN","Detroit, MI",230,39.7173,-86.294403,42.2123985290527,-83.353401184082
1158545,DAL,OGG,"Dallas, TX","Kahului, HI",3722,32.8470993041992,-96.8517990112305,20.8985996246338,-156.429992675781
2219101,MSP,LEX,"Minneapolis, MN","Lexington, KY",650,44.8819999695,-93.2218017578,38.0364990234375,-84.6059036254883
1467139,OAK,MBS,"Oakland, CA","Saginaw, MI",2026,37.7212982177734,-122.221000671387,43.532901763916,-84.0795974731445
2561911,CHA,FWA,"Chattanooga, TN","Fort Wayne, IN",410,35.0353012084961,-85.2037963867188,40.97850037,-85.19509888
1673247,GSO,JFK,"Greensboro, NC","New York, NY",459,36.0978012084961,-79.9373016357422,40.63980103,-73.77890015
2906066,DFW,IDA,"Dallas, TX","Idaho Falls, ID",1095,32.896800994873,-97.0380020141602,43.5145988464355,-112.070999145508
1926143,LGA,BWI,"New York, NY","Baltimore, MD",185,40.77719879,-73.87259674,39.17539978,-76.66829681
1164349,ELP,LAN,"El Paso, TX","Lansing, MI",1413,31.80719948,-106.3779984,42.7787017822266,-84.58740234375
3416049,MGY,OKC,"Dayton, OH","Oklahoma City, OK",789,39.5890007019,-84.224899292,35.3931007385254,-97.600700378418
